Manufac, Model, Qty
Ford, Punto, 10
Honda, Elevate, 100
GM, Citroen, 5
Ford, Punto, 10
Honda, Elevate, 100
GM, Citroen, 5
Ford, Punto, 10
Honda, Elevate, 100
GM, Citroen, 5
Ford, Punto, 10
Honda, Elevate, 100
GM, Citroen, 5
Ford, Punto, 10
Honda, Elevate, 100
GM, Citroen, 5
Ford, Punto, 10
Honda, Elevate, 100
GM, Citroen, 5
Ford, Punto, 10
Honda, Elevate, 100
GM, Citroen, 5
Ford, Punto, 10
Honda, Elevate, 100
GM, Citroen, 5
Ford, Punto, 10
Honda, Elevate, 100
GM, Citroen, 5
Ford, Punto, 10
Honda, Elevate, 100
GM, Citroen, 5